"","name","id","rating"
"1","Cem","tt1483797",1
"2","Daniel","tt3099498",1
"3","Jan","tt11286314",1
"4","Patrick","tt3781476",1
"5","Patrick","tt1790885",1
"6","Timo","tt3781476",1
"7","Timo","tt3099498",1
"8","Toni","tt11151982",1
"9","Cem","tt1798709",2
"10","Cem","tt0266697",2
"11","Cem","tt8076344",2
"12","Daniel","tt0095705",2
"13","Daniel","tt6848928",2
"14","Daniel","tt9239552",2
"15","Daniel","tt8076344",2
"16","Daniel","tt0446029",2
"17","Daniel","tt3397884",2
"18","Daniel","tt2279373",2
"19","Daniel","tt0831888",2
"20","Daniel","tt0088286",2
"21","Daniel","tt1790885",2
"22","Patrick","tt6848928",2
"23","Patrick","tt9239552",2
"24","Patrick","tt8076344",2
"25","Patrick","tt0362120",2
"26","Patrick","tt3397884",2
"27","Patrick","tt1319743",2
"28","Patrick","tt6455986",2
"29","Patrick","tt3099498",2
"30","Timo","tt8076344",2
"31","Timo","tt1483797",2
"32","Cem","tt11151982",3
"33","Cem","tt0378194",3
"34","Cem","tt0446029",3
"35","Cem","tt6455986",3
"36","Cem","tt4433646",3
"37","Cem","tt8367814",3
"38","Cem","tt2084970",3
"39","Daniel","tt6215712",3
"40","Daniel","tt0437086",3
"41","Daniel","tt5519340",3
"42","Daniel","tt1343727",3
"43","Daniel","tt1319743",3
"44","Daniel","tt2106476",3
"45","Daniel","tt6334354",3
"46","Daniel","tt1560220",3
"47","Jan","tt0095705",3
"48","Jan","tt3460252",3
"49","Jan","tt0362120",3
"50","Jan","tt2279373",3
"51","Jan","tt0095016",3
"52","Jan","tt1560220",3
"53","Patrick","tt1798709",3
"54","Patrick","tt2279373",3
"55","Patrick","tt7395114",3
"56","Patrick","tt11657662",3
"57","Patrick","tt0472399",3
"58","Patrick","tt6334354",3
"59","Patrick","tt1560220",3
"60","Stefan","tt3099498",3
"61","Timo","tt11286314",3
"62","Timo","tt7737786",3
"63","Timo","tt6902676",3
"64","Timo","tt1798709",3
"65","Timo","tt9239552",3
"66","Timo","tt1179904",3
"67","Timo","tt0088286",3
"68","Timo","tt1560220",3
"69","Toni","tt4263482",3
"70","Cem","tt6215712",4
"71","Cem","tt0095705",4
"72","Cem","tt1343727",4
"73","Cem","tt5034838",4
"74","Cem","tt0831888",4
"75","Cem","tt11657662",4
"76","Cem","tt1560220",4
"77","Daniel","tt8579674",4
"78","Daniel","tt6264654",4
"79","Daniel","tt7737786",4
"80","Daniel","tt2274648",4
"81","Daniel","tt2713180",4
"82","Daniel","tt1179904",4
"83","Daniel","tt0119698",4
"84","Daniel","tt0362120",4
"85","Daniel","tt0462538",4
"86","Jan","tt6902676",4
"87","Jan","tt1206885",4
"88","Jan","tt9421570",4
"89","Jan","tt1790885",4
"90","Patrick","tt6215712",4
"91","Patrick","tt0347330",4
"92","Patrick","tt11151982",4
"93","Patrick","tt6902676",4
"94","Patrick","tt1591095",4
"95","Patrick","tt0466713",4
"96","Patrick","tt1206885",4
"97","Patrick","tt8367814",4
"98","Stefan","tt11286314",4
"99","Stefan","tt3397884",4
"100","Timo","tt6215712",4
"101","Timo","tt5923962",4
"102","Timo","tt6848928",4
"103","Timo","tt0266697",4
"104","Timo","tt1319743",4
"105","Timo","tt0831888",4
"106","Timo","tt4433646",4
"107","Timo","tt11657662",4
"108","Timo","tt11138512",4
"109","Toni","tt7752126",4
"110","Cem","tt5797184",5
"111","Cem","tt6902676",5
"112","Cem","tt0119698",5
"113","Cem","tt2106476",5
"114","Cem","tt2184339",5
"115","Daniel","tt1179933",5
"116","Daniel","tt0289043",5
"117","Daniel","tt0780504",5
"118","Daniel","tt6902676",5
"119","Daniel","tt3460252",5
"120","Daniel","tt1591095",5
"121","Daniel","tt0378194",5
"122","Daniel","tt1483797",5
"123","Daniel","tt1512235",5
"124","Daniel","tt11657662",5
"125","Jan","tt0289043",5
"126","Jan","tt0347330",5
"127","Jan","tt6264654",5
"128","Jan","tt5923962",5
"129","Jan","tt6823368",5
"130","Jan","tt2274648",5
"131","Jan","tt1591095",5
"132","Jan","tt9239552",5
"133","Jan","tt3781476",5
"134","Jan","tt1355644",5
"135","Jan","tt8076344",5
"136","Jan","tt3397884",5
"137","Jan","tt4972582",5
"138","Jan","tt6723592",5
"139","Jan","tt7395114",5
"140","Jan","tt2184339",5
"141","Jan","tt0088286",5
"142","Jan","tt3099498",5
"143","Jan","tt2764598",5
"144","Patrick","tt5519340",5
"145","Patrick","tt0095705",5
"146","Patrick","tt5797184",5
"147","Patrick","tt6823368",5
"148","Patrick","tt1857718",5
"149","Patrick","tt2274648",5
"150","Patrick","tt2713180",5
"151","Patrick","tt1250777",5
"152","Patrick","tt0266697",5
"153","Patrick","tt1483797",5
"154","Patrick","tt0095016",5
"155","Patrick","tt1512235",5
"156","Patrick","tt2140479",5
"157","Patrick","tt0088286",5
"158","Stefan","tt0289043",5
"159","Stefan","tt3460252",5
"160","Stefan","tt0362120",5
"161","Stefan","tt0114369",5
"162","Stefan","tt1512235",5
"163","Stefan","tt4263482",5
"164","Stefan","tt0088286",5
"165","Stefan","tt2764598",5
"166","Stefan","tt1790885",5
"167","Timo","tt0347330",5
"168","Timo","tt5797184",5
"169","Timo","tt5034838",5
"170","Timo","tt1857718",5
"171","Timo","tt2274648",5
"172","Timo","tt0378194",5
"173","Timo","tt0362120",5
"174","Timo","tt3397884",5
"175","Timo","tt1512235",5
"176","Timo","tt2140479",5
"177","Timo","tt2106476",5
"178","Timo","tt0472399",5
"179","Toni","tt1179933",5
"180","Toni","tt11286314",5
"181","Cem","tt0289043",6
"182","Cem","tt0437086",6
"183","Cem","tt3460252",6
"184","Cem","tt1591095",6
"185","Cem","tt6848928",6
"186","Cem","tt9239552",6
"187","Cem","tt1355644",6
"188","Cem","tt1206885",6
"189","Cem","tt0114369",6
"190","Cem","tt0095016",6
"191","Cem","tt7395114",6
"192","Cem","tt6334354",6
"193","Cem","tt2764598",6
"194","Cem","tt1790885",6
"195","Daniel","tt0472043",6
"196","Daniel","tt0347330",6
"197","Daniel","tt4160708",6
"198","Daniel","tt5923962",6
"199","Daniel","tt11151982",6
"200","Daniel","tt5034838",6
"201","Daniel","tt0466713",6
"202","Daniel","tt1355644",6
"203","Daniel","tt6723592",6
"204","Daniel","tt2140479",6
"205","Daniel","tt0472399",6
"206","Daniel","tt11138512",6
"207","Jan","tt0437086",6
"208","Jan","tt5519340",6
"209","Jan","tt7752126",6
"210","Jan","tt8228288",6
"211","Jan","tt5797184",6
"212","Jan","tt5034838",6
"213","Jan","tt7737786",6
"214","Jan","tt1857718",6
"215","Jan","tt1798709",6
"216","Jan","tt1375666",6
"217","Jan","tt0466713",6
"218","Jan","tt0209144",6
"219","Jan","tt1179904",6
"220","Jan","tt1483797",6
"221","Jan","tt0446029",6
"222","Jan","tt6455986",6
"223","Jan","tt4433646",6
"224","Jan","tt2140479",6
"225","Jan","tt8367814",6
"226","Jan","tt11657662",6
"227","Jan","tt7984766",6
"228","Jan","tt2764598",6
"229","Jan","tt2764606",6
"230","Patrick","tt0472043",6
"231","Patrick","tt8228288",6
"232","Patrick","tt0780504",6
"233","Patrick","tt6264654",6
"234","Patrick","tt5923962",6
"235","Patrick","tt7737786",6
"236","Patrick","tt3460252",6
"237","Patrick","tt0378194",6
"238","Patrick","tt1179904",6
"239","Patrick","tt0446029",6
"240","Patrick","tt4433646",6
"241","Patrick","tt11138512",6
"242","Patrick","tt4263482",6
"243","Stefan","tt0472043",6
"244","Stefan","tt0347330",6
"245","Stefan","tt1343727",6
"246","Stefan","tt7737786",6
"247","Stefan","tt2274648",6
"248","Stefan","tt2713180",6
"249","Stefan","tt1591095",6
"250","Stefan","tt0466713",6
"251","Stefan","tt2184339",6
"252","Stefan","tt2764606",6
"253","Timo","tt0437086",6
"254","Timo","tt0472043",6
"255","Timo","tt2713180",6
"256","Timo","tt0119698",6
"257","Timo","tt0446029",6
"258","Timo","tt2279373",6
"259","Timo","tt0095016",6
"260","Timo","tt7395114",6
"261","Timo","tt8367814",6
"262","Timo","tt2184339",6
"263","Timo","tt6334354",6
"264","Toni","tt1355644",6
"265","Toni","tt6723592",6
"266","Toni","tt2184339",6
"267","Cem","tt8579674",7
"268","Cem","tt5519340",7
"269","Cem","tt1250777",7
"270","Cem","tt3781476",7
"271","Cem","tt2872718",7
"272","Cem","tt0362120",7
"273","Cem","tt0462538",7
"274","Cem","tt9421570",7
"275","Cem","tt0472399",7
"276","Cem","tt0088286",7
"277","Cem","tt2764606",7
"278","Daniel","tt7752126",7
"279","Daniel","tt1798709",7
"280","Daniel","tt1375666",7
"281","Daniel","tt0266697",7
"282","Daniel","tt0209144",7
"283","Daniel","tt0114369",7
"284","Daniel","tt0095016",7
"285","Daniel","tt7395114",7
"286","Daniel","tt2764598",7
"287","Jan","tt8579674",7
"288","Jan","tt1179933",7
"289","Jan","tt6215712",7
"290","Jan","tt0472043",7
"291","Jan","tt4160708",7
"292","Jan","tt1343727",7
"293","Jan","tt0780504",7
"294","Jan","tt11151982",7
"295","Jan","tt2713180",7
"296","Jan","tt6848928",7
"297","Jan","tt0378194",7
"298","Jan","tt2872718",7
"299","Jan","tt0119698",7
"300","Jan","tt1130884",7
"301","Jan","tt0114369",7
"302","Jan","tt0462538",7
"303","Jan","tt1319743",7
"304","Jan","tt0831888",7
"305","Jan","tt2106476",7
"306","Jan","tt2084970",7
"307","Jan","tt6334354",7
"308","Patrick","tt8579674",7
"309","Patrick","tt0289043",7
"310","Patrick","tt7752126",7
"311","Patrick","tt11286314",7
"312","Patrick","tt0209144",7
"313","Patrick","tt2872718",7
"314","Patrick","tt1355644",7
"315","Patrick","tt0119698",7
"316","Patrick","tt1130884",7
"317","Patrick","tt6723592",7
"318","Patrick","tt9421570",7
"319","Patrick","tt2106476",7
"320","Patrick","tt2084970",7
"321","Patrick","tt7984766",7
"322","Patrick","tt2184339",7
"323","Patrick","tt2764598",7
"324","Patrick","tt2764606",7
"325","Patrick","tt2764598",7
"326","Stefan","tt1179933",7
"327","Stefan","tt5519340",7
"328","Stefan","tt4160708",7
"329","Stefan","tt6264654",7
"330","Stefan","tt6823368",7
"331","Stefan","tt1798709",7
"332","Stefan","tt1179904",7
"333","Stefan","tt1355644",7
"334","Stefan","tt1483797",7
"335","Stefan","tt1130884",7
"336","Stefan","tt0095016",7
"337","Stefan","tt9421570",7
"338","Stefan","tt2084970",7
"339","Timo","tt0289043",7
"340","Timo","tt5519340",7
"341","Timo","tt7752126",7
"342","Timo","tt0095705",7
"343","Timo","tt4160708",7
"344","Timo","tt0780504",7
"345","Timo","tt6823368",7
"346","Timo","tt11151982",7
"347","Timo","tt1250777",7
"348","Timo","tt0209144",7
"349","Timo","tt4972582",7
"350","Timo","tt6723592",7
"351","Timo","tt9421570",7
"352","Timo","tt2764606",7
"353","Cem","tt7752126",8
"354","Cem","tt0347330",8
"355","Cem","tt8228288",8
"356","Cem","tt2713180",8
"357","Cem","tt6723592",8
"358","Cem","tt2140479",8
"359","Daniel","tt5797184",8
"360","Daniel","tt1250777",8
"361","Daniel","tt2872718",8
"362","Daniel","tt1130884",8
"363","Daniel","tt4433646",8
"364","Daniel","tt8367814",8
"365","Jan","tt0137523",8
"366","Jan","tt0266697",8
"367","Jan","tt1512235",8
"368","Patrick","tt1179933",8
"369","Patrick","tt4160708",8
"370","Patrick","tt1343727",8
"371","Patrick","tt5034838",8
"372","Patrick","tt1375666",8
"373","Stefan","tt8579674",8
"374","Stefan","tt7752126",8
"375","Stefan","tt5797184",8
"376","Stefan","tt0137523",8
"377","Stefan","tt6902676",8
"378","Stefan","tt0266697",8
"379","Stefan","tt2872718",8
"380","Stefan","tt8076344",8
"381","Stefan","tt0119698",8
"382","Stefan","tt1206885",8
"383","Stefan","tt0446029",8
"384","Stefan","tt6334354",8
"385","Stefan","tt1560220",8
"386","Timo","tt8579674",8
"387","Timo","tt1179933",8
"388","Timo","tt8228288",8
"389","Timo","tt3460252",8
"390","Timo","tt1375666",8
"391","Timo","tt0114369",8
"392","Timo","tt6455986",8
"393","Timo","tt4263482",8
"394","Timo","tt2764598",8
"395","Timo","tt2764598",8
"396","Toni","tt1790885",8
"397","Cem","tt1179933",9
"398","Cem","tt6823368",9
"399","Cem","tt3397884",9
"400","Cem","tt4972582",9
"401","Daniel","tt6823368",9
"402","Daniel","tt4972582",9
"403","Daniel","tt9421570",9
"404","Daniel","tt4263482",9
"405","Patrick","tt0437086",9
"406","Patrick","tt0137523",9
"407","Patrick","tt4972582",9
"408","Stefan","tt0437086",9
"409","Stefan","tt11151982",9
"410","Stefan","tt6848928",9
"411","Stefan","tt2279373",9
"412","Stefan","tt6455986",9
"413","Stefan","tt2140479",9
"414","Timo","tt1343727",9
"415","Timo","tt2872718",9
"416","Timo","tt7984766",9
"417","Toni","tt1206885",9
"418","Toni","tt2140479",9
"419","Stefan","tt9239552",10
"420","Stefan","tt3781476",10
"421","Stefan","tt4433646",10
"422","Timo","tt0137523",10
"423","Timo","tt1130884",10
"424","Jan","tt0142250",7
"425","Patrick","tt0142250",6
"426","Timo","tt0142250",7
