"","id","titel","erscheinungsjahr","zeigedatum","gehostet_von"
"1","tt0062886","The Devil's Brigade",1968,NA,NA
"2","tt0074442","Crime Busters",1977,NA,NA
"3","tt0080339","Airplane!",1980,NA,NA
"4","tt0083907","The Evil Dead",1981,NA,NA
"5","tt0087148","Nonstop Trouble with the Family",1985,NA,NA
"6","tt0087481","Double Trouble",1984,NA,NA
"7","tt0088286","Top Secret!",1984,2021-03-06,NA
"8","tt0088763","Back to the Future",1985,NA,NA
"9","tt0092099","Top Gun",1986,NA,NA
"10","tt0092644","Beverly Hills Cop II",1987,NA,NA
"11","tt0094625","Akira",1988,NA,NA
"12","tt0094761","The Blob",1988,NA,NA
"13","tt0095016","Die Hard",1988,2021-10-02,NA
"14","tt0095327","Grave of the Fireflies",1988,NA,NA
"15","tt0095705","The Naked Gun: From the Files of Police Squad!",1988,2021-03-20,NA
"16","tt0098063","Paprika",1991,NA,NA
"17","tt0099685","Goodfellas",1990,NA,NA
"18","tt0100814","Tremors",1990,NA,NA
"19","tt0102059","Hot Shots!",1991,NA,NA
"20","tt0102926","The Silence of the Lambs",1991,NA,NA
"21","tt0103064","Terminator 2: Judgment Day",1991,NA,NA
"22","tt0105236","Reservoir Dogs",1992,NA,NA
"23","tt0107290","Jurassic Park",1993,NA,NA
"24","tt0107387","Leprechaun",1993,NA,NA
"25","tt0110443","Major Payne",1995,NA,NA
"26","tt0110912","Pulp Fiction",1994,NA,NA
"27","tt0111161","The Shawshank Redemption",1994,NA,NA
"28","tt0112159","Neon Genesis Evangelion",1995,NA,NA
"29","tt0112573","Braveheart",1995,NA,NA
"30","tt0112864","Die Hard: With a Vengeance",1995,NA,NA
"31","tt0113497","Jumanji",1995,NA,NA
"32","tt0114369","Se7en",1995,2021-11-20,NA
"33","tt0114746","12 Monkeys",1995,NA,NA
"34","tt0115697","Black Sheep",1996,NA,NA
"35","tt0116996","Mars Attacks!",1996,NA,NA
"36","tt0117500","The Rock",1996,NA,NA
"37","tt0118715","The Big Lebowski",1998,NA,NA
"38","tt0119698","Princess Mononoke",1997,2021-04-24,NA
"39","tt0120201","Starship Troopers",1997,NA,NA
"40","tt0120784","Payback",1999,NA,NA
"41","tt0120812","Rush Hour",1998,NA,NA
"42","tt0120915","Star Wars: Episode I - The Phantom Menace",1999,NA,NA
"43","tt0122151","Lethal Weapon 4",1998,NA,NA
"44","tt0123755","Cube",1997,NA,NA
"45","tt0133093","The Matrix",1999,NA,NA
"46","tt0137523","Fight Club",1999,2022-02-12,NA
"47","tt0142250","Dragon Ball: The Path to Power",1996,NA,NA
"48","tt0144084","American Psycho",2000,NA,NA
"49","tt0156887","Perfect Blue",1997,NA,NA
"50","tt0159273","Behind Enemy Lines",2001,NA,NA
"51","tt0172495","Gladiator",2000,NA,NA
"52","tt0193253","Jin-Roh",1999,NA,NA
"53","tt0209144","Memento",2000,2022-07-02,NA
"54","tt0238380","Equilibrium",2002,NA,NA
"55","tt0240468","Kung Pow: Enter the Fist",2002,NA,NA
"56","tt0245429","Chihiros Reise ins Zauberland",2001,NA,NA
"57","tt0248408","Der Schuh des Manitu",2001,NA,NA
"58","tt0257076","S.W.A.T.",2003,NA,NA
"59","tt0263488","Jeepers Creepers",2001,NA,NA
"60","tt0265343","Monsoon Wedding",2001,NA,NA
"61","tt0266697","Kill Bill: Vol. 1",2003,2021-12-18,NA
"62","tt0271367","Eight Legged Freaks",2002,NA,NA
"63","tt0272020","The Last Castle",2001,NA,NA
"64","tt0277434","We Were Soldiers",2002,NA,NA
"65","tt0281364","Wasabi",2001,NA,NA
"66","tt0289043","28 Days Later...",2002,2021-03-27,NA
"67","tt0293429","Mortal Kombat",2021,NA,NA
"68","tt0295297","Harry Potter and the Chamber of Secrets",2002,NA,NA
"69","tt0306047","Scary Movie 3",2003,NA,NA
"70","tt0318627","Resident Evil: Apocalypse",2004,NA,NA
"71","tt0325980","Pirates of the Caribbean: The Curse of the Black Pearl",2003,NA,NA
"72","tt0327554","Catwoman",2004,NA,NA
"73","tt0332452","Troy",2004,NA,NA
"74","tt0345950","The SpongeBob SquarePants Movie",2004,NA,NA
"75","tt0347149","Howl's Moving Castle",2004,NA,NA
"76","tt0347330","Cash Truck",2004,2021-09-18,NA
"77","tt0355295","The Brothers Grimm",2005,NA,NA
"78","tt0360717","King Kong",2005,NA,NA
"79","tt0361748","Inglourious Basterds",2009,NA,NA
"80","tt0362120","Scary Movie 4",2006,2021-02-20,NA
"81","tt0363547","Dawn of the Dead",2004,NA,NA
"82","tt0364569","Oldboy",2003,NA,NA
"83","tt0368447","The Village",2004,NA,NA
"84","tt0368891","National Treasure",2004,NA,NA
"85","tt0370263","Alien vs. Predator",2004,NA,NA
"86","tt0371724","The Hitchhiker's Guide to the Galaxy",2005,NA,NA
"87","tt0372588","Team America: World Police",2004,NA,NA
"88","tt0378194","Kill Bill: Vol. 2",2004,2022-01-08,NA
"89","tt0381061","Casino Royale",2006,NA,NA
"90","tt0387808","Idiocracy",2006,NA,NA
"91","tt0388795","Brokeback Mountain",2005,NA,NA
"92","tt0391198","The Grudge",2004,NA,NA
"93","tt0401792","Sin City",2005,NA,NA
"94","tt0407887","The Departed",2006,NA,NA
"95","tt0408236","Sweeney Todd: The Demon Barber of Fleet Street",2007,NA,NA
"96","tt0418455","Adam's Apples",2005,NA,NA
"97","tt0419724","The Haunted World of El Superbeasto",2009,NA,NA
"98","tt0421054","Domino",2005,NA,NA
"99","tt0421206","Gridiron Gang",2006,NA,NA
"100","tt0421715","The Curious Case of Benjamin Button",2008,NA,NA
"101","tt0425112","Hot Fuzz",2007,NA,NA
"102","tt0425210","Lucky Number Slevin",2006,NA,NA
"103","tt0429493","The A-Team",2010,NA,NA
"104","tt0434409","V for Vendetta",2005,NA,NA
"105","tt0437086","Alita: Battle Angel",2019,2021-02-13,"Stefan"
"106","tt0440963","The Bourne Ultimatum",2007,NA,NA
"107","tt0443274","Vantage Point",2008,NA,NA
"108","tt0446029","Scott Pilgrim vs. the World",2010,2021-06-05,NA
"109","tt0452608","Death Race",2008,NA,NA
"110","tt0462538","The Simpsons Movie",2007,2021-10-09,NA
"111","tt0463985","The Fast and the Furious: Tokyo Drift",2006,NA,NA
"112","tt0465316","Afro Samurai",2007,NA,NA
"113","tt0466713","Military Academy",2007,2022-06-11,NA
"114","tt0468569","The Dark Knight",2008,NA,NA
"115","tt0470752","Ex Machina",2014,NA,NA
"116","tt0472043","Apocalypto",2006,2022-03-26,NA
"117","tt0472399","The Mechanic",2011,2022-09-03,NA
"118","tt0479884","Crank",2006,NA,NA
"119","tt0480249","I Am Legend",2007,NA,NA
"120","tt0499097","Gnadenlos",2021,NA,NA
"121","tt0780504","Drive",2011,2021-11-27,NA
"122","tt0783640","The Last Full Measure",2019,NA,NA
"123","tt0816711","World War Z",2013,NA,NA
"124","tt0829482","Superbad",2007,NA,NA
"125","tt0831888","Tekkonkinkreet",2006,2021-06-19,NA
"126","tt0870154","Jungle Cruise",2021,NA,NA
"127","tt0884328","The Mist",2007,NA,NA
"128","tt0940709","CJ7",2008,NA,NA
"129","tt0949731","The Happening",2008,NA,NA
"130","tt0978764","Sucker Punch",2011,NA,NA
"131","tt0993840","Army of the Dead",2021,NA,NA
"132","tt10068916","Made in Abyss: Dawn of the Deep Soul",2020,NA,NA
"133","tt10231312","Inside Job",2021,NA,NA
"134","tt1028532","Hachi: A Dog's Tale",2009,NA,NA
"135","tt1032755","RocknRolla",2008,NA,NA
"136","tt1034032","Gamer",2009,NA,NA
"137","tt10341034","Black Box",2021,NA,NA
"138","tt1060277","Cloverfield",2008,NA,NA
"139","tt1063669","The Wave",2008,NA,NA
"140","tt10665338","Halloween Kills",2021,NA,NA
"141","tt10731768","Sweet Girl",2021,NA,NA
"142","tt10872600","Spider-Man: No Way Home",2021,NA,NA
"143","tt11138512","The Northman",2022,2022-07-09,NA
"144","tt11151982","Goblin Slayer: Goblin's Crown",2020,2020-12-05,NA
"145","tt1121931","Crank 2 - High Voltage",2009,NA,NA
"146","tt11245972","Scream",2022,NA,NA
"147","tt1125849","The Wrestler",2008,NA,NA
"148","tt11286314","Don't Look Up",2021,2022-03-05,NA
"149","tt1130884","Shutter Island",2010,2022-03-19,NA
"150","tt11328762","Wild Men",2021,NA,NA
"151","tt11466222","Jackass Forever",2022,NA,NA
"152","tt1160419","Dune",2021,NA,NA
"153","tt11657662","The Witcher: Nightmare of the Wolf",2021,2021-11-13,NA
"154","tt1179904","Paranormal Activity",2007,2022-05-07,NA
"155","tt1179933","10 Cloverfield Lane",2016,2021-05-29,NA
"156","tt1197624","Gesetz der Rache",2009,NA,NA
"157","tt1205489","Gran Torino",2008,NA,NA
"158","tt1206885","Rambo: Last Blood",2019,2021-08-14,NA
"159","tt1210166","Moneyball",2011,NA,NA
"160","tt1210819","The Lone Ranger",2013,NA,NA
"161","tt1211956","Escape Plan",2013,NA,NA
"162","tt1216491","Kill the Messenger",2014,NA,NA
"163","tt1219827","Ghost in the Shell",2017,NA,NA
"164","tt1234719","Red Dawn",2012,NA,NA
"165","tt12354886","Beauty Water",2020,NA,NA
"166","tt1250777","Kick-Ass",2010,2022-08-27,NA
"167","tt1253863","300: Rise of an Empire",2014,NA,NA
"168","tt12567246","Ip Man: Kung Fu Master",2019,NA,NA
"169","tt12592252","Songbird",2020,NA,NA
"170","tt1259528","Den of Thieves",2018,NA,NA
"171","tt1270797","Venom",2018,NA,NA
"172","tt1272878","2 Guns",2013,NA,NA
"173","tt1273235","A Serbian Film",2010,NA,NA
"174","tt1276104","Looper",2012,NA,NA
"175","tt1278340","Dead Snow",2009,NA,NA
"176","tt13143964","Borat Subsequent Moviefilm",2020,NA,NA
"177","tt1319743","Smokin' Aces 2: Assassins' Ball",2010,2022-02-26,NA
"178","tt1343727","Dredd",2012,2021-07-31,NA
"179","tt1355644","Passengers",2016,2021-08-21,NA
"180","tt13610562","The Bubble",2022,NA,NA
"181","tt13648228","How It Ends",2021,NA,NA
"182","tt1365519","Tomb Raider",2018,NA,NA
"183","tt1375666","Inception",2010,2022-04-02,NA
"184","tt1386697","Suicide Squad",2016,NA,NA
"185","tt1392190","Mad Max: Fury Road",2015,NA,NA
"186","tt1396484","It",2017,NA,NA
"187","tt1397514","Journey 2: The Mysterious Island",2012,NA,NA
"188","tt1431045","Deadpool",2016,NA,NA
"189","tt1433108","Faster",2010,NA,NA
"190","tt14358016","Khraniteli",1991,NA,NA
"191","tt1464335","Uncharted",2022,NA,NA
"192","tt1465522","Tucker and Dale vs Evil",2010,NA,NA
"193","tt1469304","Baywatch",2017,NA,NA
"194","tt1483797","Redline",2009,2022-08-20,NA
"195","tt1488606","Triple Frontier",2019,NA,NA
"196","tt1502397","Bad Boys for Life",2020,NA,NA
"197","tt1512235","Super - Shut Up, Crime!",2010,2022-08-13,NA
"198","tt1515091","Sherlock Holmes: A Game of Shadows",2011,NA,NA
"199","tt1560220","Zombieland: Double Tap",2019,2021-01-09,NA
"200","tt1583421","G.I. Joe: Retaliation",2013,NA,NA
"201","tt1588173","Warm Bodies",2013,NA,NA
"202","tt1591095","Insidious",2010,2021-01-23,NA
"203","tt1596363","The Big Short",2015,NA,NA
"204","tt1606378","A Good Day to Die Hard",2013,NA,NA
"205","tt1631867","Edge of Tomorrow - Live. Die. Repeat",2014,NA,NA
"206","tt1634106","Bloodshot",2020,NA,NA
"207","tt1636826","Project X",2012,NA,NA
"208","tt1650062","Super 8",2011,NA,NA
"209","tt1650554","Kick-Ass 2",2013,NA,NA
"210","tt1656190","Safe",2012,NA,NA
"211","tt1727252","Chillerama",2011,NA,NA
"212","tt1734493","Unlocked",2017,NA,NA
"213","tt1735485","The Tunnel",2011,NA,NA
"214","tt1745960","Top Gun: Maverick",2022,NA,NA
"215","tt1790885","Zero Dark Thirty",2012,2021-02-27,NA
"216","tt1798709","Her",2013,2021-04-10,NA
"217","tt1823672","Chappie",2015,NA,NA
"218","tt1838556","Honest Thief",2020,NA,NA
"219","tt1853728","Django Unchained",2012,NA,NA
"220","tt1857718","Gyo: Tokyo Fish Attack",2012,2022-02-19,NA
"221","tt1860357","Deepwater Horizon",2016,NA,NA
"222","tt1877830","The Batman",2022,NA,NA
"223","tt1912398","God Bless America",2011,NA,NA
"224","tt1961175","American Assassin",2017,NA,NA
"225","tt2015381","Guardians of the Galaxy",2014,NA,NA
"226","tt2032572","USS Indianapolis: Men of Courage",2016,NA,NA
"227","tt2084970","The Imitation Game",2014,2021-07-24,NA
"228","tt2106476","The Hunt",2012,2021-12-03,NA
"229","tt2119532","Hacksaw Ridge",2016,NA,NA
"230","tt2140479","The Accountant",2016,2021-01-16,NA
"231","tt2184339","The Purge",2013,2021-07-10,NA
"232","tt2210479","Berserk: The Golden Age Arc I - The Egg of the King",2012,NA,NA
"233","tt2274648","Hellboy",2019,2022-05-28,NA
"234","tt2279373","The SpongeBob Movie: Sponge Out of Water",2015,2022-06-04,NA
"235","tt2283362","Jumanji: Welcome to the Jungle",2017,NA,NA
"236","tt2283748","OMG: Oh My God!",2012,NA,NA
"237","tt2382320","No Time to Die",2021,NA,NA
"238","tt2393845","Kill Me Three Times",2014,NA,NA
"239","tt2457282","Puella Magi Madoka Magica the Movie Part III: The Rebellion Story",2013,NA,NA
"240","tt2458948","Evangelion: 3.0+1.01 Thrice Upon a Time",2021,NA,NA
"241","tt2463208","The Adam Project",2022,NA,NA
"242","tt2679042","Hitman: Agent 47",2015,NA,NA
"243","tt2713180","Fury",2014,2022-07-16,NA
"244","tt2719848","Everest",2015,NA,NA
"245","tt2764598","Eine andere Zeit",2013,2022-07-23,NA
"246","tt2764606","Ein anderer Krieg",2013,2022-07-30,NA
"247","tt2764620","Ein anderes Land",2013,2022-08-06,NA
"248","tt2788710","The Interview",2014,NA,NA
"249","tt2798920","Annihilation",2018,NA,NA
"250","tt2820852","Fast & Furious 7",2015,NA,NA
"251","tt2872718","Nightcrawler",2014,2021-09-25,NA
"252","tt2872732","Lucy",2014,NA,NA
"253","tt2911666","John Wick",2014,NA,NA
"254","tt3039472","Return to Return to Nuke 'Em High Aka Vol. 2",2017,NA,NA
"255","tt3072482","Hardcore Henry",2015,NA,NA
"256","tt3099498","Tusk",2014,2022-04-23,NA
"257","tt3148952","The Circle",2014,NA,NA
"258","tt3183660","Fantastic Beasts and Where to Find Them",2016,NA,NA
"259","tt3306776","Bayonetta: Bloody Fate - Beyonetta buraddi feito",2013,NA,NA
"260","tt3352390","Unfriend",2016,NA,NA
"261","tt3397884","Sicario",2015,2021-06-27,NA
"262","tt3420504","Finch",2021,NA,NA
"263","tt3460252","The Hateful Eight",2015,2021-05-08,NA
"264","tt3480822","Black Widow",2021,NA,NA
"265","tt3522806","Mechanic: Resurrection",2016,NA,NA
"266","tt3605418","Knock Knock",2015,NA,NA
"267","tt3615160","Genocidal Organ",2017,NA,NA
"268","tt3659388","The Martian",2015,NA,NA
"269","tt3682448","Bridge of Spies",2015,NA,NA
"270","tt3713166","Unfriended",2014,NA,NA
"271","tt3758814","The Ice Road",2021,NA,NA
"272","tt3781476","Monster Hunt",2015,NA,NA
"273","tt3794354","Sonic the Hedgehog",2020,NA,NA
"274","tt3830162","A War",2015,NA,NA
"275","tt3896198","Guardians of the Galaxy Vol. 2",2017,NA,NA
"276","tt4062536","Green Room",2015,NA,NA
"277","tt4154796","Avengers: Endgame",2019,NA,NA
"278","tt4160708","Don't Breathe",2016,2022-02-05,NA
"279","tt4176826","Look Who's Back",2015,NA,NA
"280","tt4196776","Jason Bourne",2016,NA,NA
"281","tt4219130","Psycho-Pass Movie",2015,NA,NA
"282","tt4263482","The Witch",2015,2022-03-12,NA
"283","tt4433646","Terra Formars",2016,2021-01-30,NA
"284","tt4479380","SAS: Red Notice",2021,NA,NA
"285","tt4566758","Mulan",2020,NA,NA
"286","tt4607722","Blame",2017,NA,NA
"287","tt4633694","Spider-Man: Into the Spider-Verse",2018,NA,NA
"288","tt4717402","MFKZ",2017,NA,NA
"289","tt4779682","The Meg",2018,NA,NA
"290","tt4881806","Jurassic World: Fallen Kingdom",2018,NA,NA
"291","tt4972582","Split",2016,2020-12-19,NA
"292","tt4998632","Ambulance",2022,NA,NA
"293","tt5013056","Dunkirk",2017,NA,NA
"294","tt5034838","Godzilla vs. Kong",2021,2021-04-17,NA
"295","tt5052448","Get Out",2017,NA,NA
"296","tt5052474","Sicario: Day of the Soldado",2018,NA,NA
"297","tt5073642","Color Out of Space",2019,NA,NA
"298","tt5323662","A Silent Voice: The Movie",2016,NA,NA
"299","tt5433138","F9",2021,NA,NA
"300","tt5463162","Deadpool 2",2018,NA,NA
"301","tt5492906","Hentai Kamen: The Abnormal Crisis",2016,NA,NA
"302","tt5519340","Bright",2017,2021-05-15,NA
"303","tt5595168","Kingsglaive: Final Fantasy XV",2016,NA,NA
"304","tt5603356","Ace Attorney",2016,NA,NA
"305","tt5675620","The Punisher",2017,NA,NA
"306","tt5700672","Train to Busan",2016,NA,NA
"307","tt5758726","Mega Time Squad",2018,NA,NA
"308","tt5797184","Escape from Pretoria",2020,2021-05-01,NA
"309","tt5923962","Gantz: O",2016,2022-05-14,NA
"310","tt5979874","Gojira: Kaij√ª Wakusei",2017,NA,NA
"311","tt6004864","The Dragon Dentist",2017,NA,NA
"312","tt6146586","John Wick: Chapter 3 - Parabellum",2019,NA,NA
"313","tt6170484","Monster Hunt 2",2018,NA,NA
"314","tt6189022","Angel Has Fallen",2019,NA,NA
"315","tt6212854","Whispering Corridors 4: Voice",2005,NA,NA
"316","tt6215712","Ajin: Demi-Human",2017,2021-06-12,NA
"317","tt6264654","Free Guy",2021,2022-01-22,NA
"318","tt6334354","The Suicide Squad",2021,2021-08-28,NA
"319","tt6335734","The Night Is Short, Walk on Girl",2017,NA,NA
"320","tt6372694","Prisoners of the Ghostland",2021,NA,NA
"321","tt6455986","Saga of Tanya the Evil",2017,2021-07-17,NA
"322","tt6456326","Monsters of Man",2020,NA,NA
"323","tt6475714","Monster Hunter",2020,2021-10-23,NA
"324","tt6513656","Escape Plan 2: Hades",2018,NA,NA
"325","tt6644200","A Quiet Place",2018,NA,NA
"326","tt6654210","Infinite",2021,NA,NA
"327","tt6710474","Everything Everywhere All at Once",2022,NA,NA
"328","tt6723592","Tenet",2020,2020-12-12,NA
"329","tt6806448","Fast & Furious: Hobbs & Shaw",2019,NA,NA
"330","tt6823368","Glass",2019,2021-01-02,NA
"331","tt6848928","Junk Head",2017,2021-10-16,NA
"332","tt6856242","The King's Man",2021,NA,NA
"333","tt6902676","Guns Akimbo",2019,2021-08-07,NA
"334","tt6920084","Resident Evil: Welcome to Raccoon City",2021,NA,NA
"335","tt6966692","Green Book",2018,NA,NA
"336","tt7097896","Venom: Let There Be Carnage",2021,NA,NA
"337","tt7144666","The Black Phone",2021,NA,NA
"338","tt7286456","Joker",2019,NA,NA
"339","tt7339826","Maquia: When the Promised Flower Blooms",2018,NA,NA
"340","tt7395114","The Devil All the Time",2020,2021-03-13,NA
"341","tt7458762","Le chant du loup",2019,NA,NA
"342","tt7553974","The Purge: 2024",2017,NA,NA
"343","tt7651892","One Strange Rock",2018,NA,NA
"344","tt7657566","Death on the Nile",2022,NA,NA
"345","tt7672068","Why Don't You Just Die!",2018,NA,NA
"346","tt7737528","Kate",2021,NA,NA
"347","tt7737786","Greenland",2020,2022-01-29,NA
"348","tt7752126","Brightburn",2019,2022-01-15,NA
"349","tt7798634","Ready or Not",2019,NA,NA
"350","tt7858472","Sisters in Arms",2019,NA,NA
"351","tt7888964","Nobody",2021,NA,NA
"352","tt7961060","Dragon Ball Super: Broly",2018,NA,NA
"353","tt7975244","Jumanji: The Next Level",2019,NA,NA
"354","tt7984766","The King",2019,2022-05-21,NA
"355","tt7985704","Operation Fortune: Ruse de guerre",2022,NA,NA
"356","tt7991608","Red Notice",2021,NA,NA
"357","tt8076344","Penguin Highway",2018,2022-06-18,NA
"358","tt8114980","Willy's Wonderland",2021,NA,NA
"359","tt8165192","Raging Fire",2021,NA,NA
"360","tt8228288","Der Schacht",2019,2021-09-04,NA
"361","tt8323668","Jerry and Marge Go Large",2022,NA,NA
"362","tt8367814","The Gentlemen",2019,2021-12-11,NA
"363","tt8579674","1917",2019,2021-02-06,NA
"364","tt8850222","Peninsula",2020,NA,NA
"365","tt8936646","Extraction",2020,NA,NA
"366","tt8946378","Knives Out",2019,NA,NA
"367","tt9203190","Skyfire",2019,NA,NA
"368","tt9239552","KonoSuba: The Legend of Crimson",2019,2021-05-22,NA
"369","tt9243946","El Camino: A Breaking Bad Movie",2019,NA,NA
"370","tt9421570","The Guilty",2021,2021-11-06,NA
"371","tt9639470","Last Night in Soho",2021,NA,NA
"372","tt9686194","War of the Worlds",2019,NA,NA
"373","tt9691136","Shadow in the Cloud",2020,NA,NA
"374","tt9764362","The Menu",2022,NA,NA
"375","tt9893160","No Way Out",2022,NA,NA
"376","tt1567437","The Voices",2014,NA,NA
"377","tt5462326","Mom Dad",2017,NA,NA
"378","tt0463854","28 weeks later",2007,NA,NA
