name,id,gesehen
Cem,tt8579674,WAHR
Cem,tt1179933,WAHR
Cem,tt0289043,WAHR
Cem,tt6215712,WAHR
Cem,tt0437086,WAHR
Cem,tt5519340,WAHR
Cem,tt7752126,WAHR
Cem,tt0347330,WAHR
Cem,tt1343727,WAHR
Cem,tt2764606,WAHR
Cem,tt2764598,WAHR
Cem,tt5797184,WAHR
Cem,tt2713180,WAHR
Cem,tt6823368,WAHR
Cem,tt11151982,WAHR
Cem,tt5034838,WAHR
Cem,tt6902676,WAHR
Cem,tt1798709,WAHR
Cem,tt1591095,WAHR
Cem,tt6848928,WAHR
Cem,tt1250777,WAHR
Cem,tt0266697,WAHR
Cem,tt0378194,WAHR
Cem,tt9239552,WAHR
Cem,tt6475714,WAHR
Cem,tt2872718,WAHR
Cem,tt1355644,WAHR
Cem,tt8076344,WAHR
Cem,tt0119698,WAHR
Cem,tt0119698,WAHR
Cem,tt1206885,WAHR
Cem,tt1483797,WAHR
Cem,tt6455986,WAHR
Cem,tt0362120,WAHR
Cem,tt0114369,WAHR
Cem,tt1130884,WAHR
Cem,tt3397884,WAHR
Cem,tt1319743,WAHR
Cem,tt1512235,WAHR
Cem,tt0831888,WAHR
Cem,tt6723592,WAHR
Cem,tt4433646,WAHR
Cem,tt2140479,WAHR
Cem,tt7395114,WAHR
Cem,tt8367814,WAHR
Cem,tt9421570,WAHR
Cem,tt3460252,WAHR
Cem,tt2106476,WAHR
Cem,tt0472399,WAHR
Cem,tt0095705,WAHR
Cem,tt8228288,WAHR
Cem,tt2184339,WAHR
Cem,tt2279373,WAHR
Cem,tt6334354,WAHR
Cem,tt11657662,WAHR
Cem,tt0088286,WAHR
Cem,tt1790885,WAHR
Cem,tt1560220,WAHR
Daniel,tt8579674,WAHR
Daniel,tt1179933,WAHR
Daniel,tt0289043,WAHR
Daniel,tt6215712,WAHR
Daniel,tt0437086,WAHR
Daniel,tt0472043,WAHR
Daniel,tt5519340,WAHR
Daniel,tt7752126,WAHR
Daniel,tt0347330,WAHR
Daniel,tt0095016,WAHR
Daniel,tt4160708,WAHR
Daniel,tt1343727,WAHR
Daniel,tt0780504,WAHR
Daniel,tt2764620,WAHR
Daniel,tt5797184,WAHR
Daniel,tt6264654,WAHR
Daniel,tt2713180,WAHR
Daniel,tt5923962,WAHR
Daniel,tt6823368,WAHR
Daniel,tt11151982,WAHR
Daniel,tt5034838,WAHR
Daniel,tt7737786,WAHR
Daniel,tt6902676,WAHR
Daniel,tt2274648,WAHR
Daniel,tt1798709,WAHR
Daniel,tt1375666,WAHR
Daniel,tt1591095,WAHR
Daniel,tt6848928,WAHR
Daniel,tt1250777,WAHR
Daniel,tt0266697,WAHR
Daniel,tt0378194,WAHR
Daniel,tt9239552,WAHR
Daniel,tt0209144,WAHR
Daniel,tt0466713,WAHR
Daniel,tt2872718,WAHR
Daniel,tt1179904,WAHR
Daniel,tt1355644,WAHR
Daniel,tt8076344,WAHR
Daniel,tt0119698,WAHR
Daniel,tt1206885,WAHR
Daniel,tt1483797,WAHR
Daniel,tt6455986,WAHR
Daniel,tt0362120,WAHR
Daniel,tt0446029,WAHR
Daniel,tt0114369,WAHR
Daniel,tt1130884,WAHR
Daniel,tt3397884,WAHR
Daniel,tt1319743,WAHR
Daniel,tt4972582,WAHR
Daniel,tt0831888,WAHR
Daniel,tt6723592,WAHR
Daniel,tt4433646,WAHR
Daniel,tt2140479,WAHR
Daniel,tt7395114,WAHR
Daniel,tt8367814,WAHR
Daniel,tt9421570,WAHR
Daniel,tt3460252,WAHR
Daniel,tt0472399,WAHR
Daniel,tt0095705,WAHR
Daniel,tt11138512,WAHR
Daniel,tt0462538,WAHR
Daniel,tt2279373,WAHR
Daniel,tt6334354,WAHR
Daniel,tt4263482,WAHR
Daniel,tt11657662,WAHR
Daniel,tt0088286,WAHR
Daniel,tt3099498,WAHR
Daniel,tt1790885,WAHR
Daniel,tt1560220,WAHR
Jan,tt8579674,WAHR
Jan,tt1179933,WAHR
Jan,tt0289043,WAHR
Jan,tt6215712,WAHR
Jan,tt0437086,WAHR
Jan,tt0472043,WAHR
Jan,tt5519340,WAHR
Jan,tt7752126,WAHR
Jan,tt0347330,WAHR
Jan,tt0095016,WAHR
Jan,tt4160708,WAHR
Jan,tt11286314,WAHR
Jan,tt1343727,WAHR
Jan,tt0780504,WAHR
Jan,tt2764606,WAHR
Jan,tt2764620,WAHR
Jan,tt2764598,WAHR
Jan,tt5797184,WAHR
Jan,tt0137523,WAHR
Jan,tt6264654,WAHR
Jan,tt2713180,WAHR
Jan,tt5923962,WAHR
Jan,tt6823368,WAHR
Jan,tt11151982,WAHR
Jan,tt5034838,WAHR
Jan,tt7737786,WAHR
Jan,tt6902676,WAHR
Jan,tt1857718,WAHR
Jan,tt2274648,WAHR
Jan,tt1798709,WAHR
Jan,tt1375666,WAHR
Jan,tt1591095,WAHR
Jan,tt6848928,WAHR
Jan,tt0266697,WAHR
Jan,tt0378194,WAHR
Jan,tt9239552,WAHR
Jan,tt0209144,WAHR
Jan,tt0466713,WAHR
Jan,tt6475714,WAHR
Jan,tt2872718,WAHR
Jan,tt1179904,WAHR
Jan,tt1355644,WAHR
Jan,tt8076344,WAHR
Jan,tt0119698,WAHR
Jan,tt0119698,WAHR
Jan,tt1206885,WAHR
Jan,tt1483797,WAHR
Jan,tt6455986,WAHR
Jan,tt0362120,WAHR
Jan,tt0446029,WAHR
Jan,tt0114369,WAHR
Jan,tt1130884,WAHR
Jan,tt3397884,WAHR
Jan,tt1319743,WAHR
Jan,tt4972582,WAHR
Jan,tt1512235,WAHR
Jan,tt0831888,WAHR
Jan,tt6723592,WAHR
Jan,tt4433646,WAHR
Jan,tt2140479,WAHR
Jan,tt7395114,WAHR
Jan,tt8367814,WAHR
Jan,tt9421570,WAHR
Jan,tt3460252,WAHR
Jan,tt2106476,WAHR
Jan,tt2084970,WAHR
Jan,tt0095705,WAHR
Jan,tt8228288,WAHR
Jan,tt2184339,WAHR
Jan,tt0462538,WAHR
Jan,tt2279373,WAHR
Jan,tt6334354,WAHR
Jan,tt11657662,WAHR
Jan,tt0088286,WAHR
Jan,tt3099498,WAHR
Jan,tt1790885,WAHR
Jan,tt1560220,WAHR
Patrick,tt8579674,WAHR
Patrick,tt1179933,WAHR
Patrick,tt0289043,WAHR
Patrick,tt6215712,WAHR
Patrick,tt0437086,WAHR
Patrick,tt0472043,WAHR
Patrick,tt5519340,WAHR
Patrick,tt7752126,WAHR
Patrick,tt0347330,WAHR
Patrick,tt0095016,WAHR
Patrick,tt4160708,WAHR
Patrick,tt11286314,WAHR
Patrick,tt1343727,WAHR
Patrick,tt0780504,WAHR
Patrick,tt2764606,WAHR
Patrick,tt2764620,WAHR
Patrick,tt2764598,WAHR
Patrick,tt5797184,WAHR
Patrick,tt0137523,WAHR
Patrick,tt6264654,WAHR
Patrick,tt2713180,WAHR
Patrick,tt5923962,WAHR
Patrick,tt6823368,WAHR
Patrick,tt11151982,WAHR
Patrick,tt5034838,WAHR
Patrick,tt7737786,WAHR
Patrick,tt6902676,WAHR
Patrick,tt1857718,WAHR
Patrick,tt2274648,WAHR
Patrick,tt1798709,WAHR
Patrick,tt1375666,WAHR
Patrick,tt1591095,WAHR
Patrick,tt6848928,WAHR
Patrick,tt1250777,WAHR
Patrick,tt0266697,WAHR
Patrick,tt0378194,WAHR
Patrick,tt9239552,WAHR
Patrick,tt0209144,WAHR
Patrick,tt0466713,WAHR
Patrick,tt6475714,WAHR
Patrick,tt2872718,WAHR
Patrick,tt1179904,WAHR
Patrick,tt1355644,WAHR
Patrick,tt8076344,WAHR
Patrick,tt0119698,WAHR
Patrick,tt0119698,WAHR
Patrick,tt1206885,WAHR
Patrick,tt1483797,WAHR
Patrick,tt0362120,WAHR
Patrick,tt0446029,WAHR
Patrick,tt1130884,WAHR
Patrick,tt1319743,WAHR
Patrick,tt4972582,WAHR
Patrick,tt1512235,WAHR
Patrick,tt0831888,WAHR
Patrick,tt6723592,WAHR
Patrick,tt4433646,WAHR
Patrick,tt2140479,WAHR
Patrick,tt7395114,WAHR
Patrick,tt8367814,WAHR
Patrick,tt9421570,WAHR
Patrick,tt3460252,WAHR
Patrick,tt2106476,WAHR
Patrick,tt2084970,WAHR
Patrick,tt0472399,WAHR
Patrick,tt0095705,WAHR
Patrick,tt11138512,WAHR
Patrick,tt8228288,WAHR
Patrick,tt2184339,WAHR
Patrick,tt0462538,WAHR
Patrick,tt2279373,WAHR
Patrick,tt6334354,WAHR
Patrick,tt4263482,WAHR
Patrick,tt11657662,WAHR
Patrick,tt0088286,WAHR
Patrick,tt3099498,WAHR
Patrick,tt1790885,WAHR
Patrick,tt1560220,WAHR
Stefan,tt8579674,WAHR
Stefan,tt1179933,WAHR
Stefan,tt0289043,WAHR
Stefan,tt0437086,WAHR
Stefan,tt0472043,WAHR
Stefan,tt5519340,WAHR
Stefan,tt7752126,WAHR
Stefan,tt0347330,WAHR
Stefan,tt0095016,WAHR
Stefan,tt4160708,WAHR
Stefan,tt11286314,WAHR
Stefan,tt1343727,WAHR
Stefan,tt2764606,WAHR
Stefan,tt2764598,WAHR
Stefan,tt5797184,WAHR
Stefan,tt0137523,WAHR
Stefan,tt6264654,WAHR
Stefan,tt2713180,WAHR
Stefan,tt6823368,WAHR
Stefan,tt11151982,WAHR
Stefan,tt7737786,WAHR
Stefan,tt6902676,WAHR
Stefan,tt2274648,WAHR
Stefan,tt1798709,WAHR
Stefan,tt1591095,WAHR
Stefan,tt6848928,WAHR
Stefan,tt0266697,WAHR
Stefan,tt9239552,WAHR
Stefan,tt0466713,WAHR
Stefan,tt6475714,WAHR
Stefan,tt2872718,WAHR
Stefan,tt1179904,WAHR
Stefan,tt1355644,WAHR
Stefan,tt8076344,WAHR
Stefan,tt0119698,WAHR
Stefan,tt0119698,WAHR
Stefan,tt1206885,WAHR
Stefan,tt1483797,WAHR
Stefan,tt0362120,WAHR
Stefan,tt0446029,WAHR
Stefan,tt1130884,WAHR
Stefan,tt3397884,WAHR
Stefan,tt4972582,WAHR
Stefan,tt1512235,WAHR
Stefan,tt6723592,WAHR
Stefan,tt4433646,WAHR
Stefan,tt8367814,WAHR
Stefan,tt3460252,WAHR
Stefan,tt2106476,WAHR
Stefan,tt2184339,WAHR
Stefan,tt2279373,WAHR
Stefan,tt6334354,WAHR
Stefan,tt4263482,WAHR
Stefan,tt0088286,WAHR
Stefan,tt3099498,WAHR
Stefan,tt1790885,WAHR
Stefan,tt1560220,WAHR
Timo,tt8579674,WAHR
Timo,tt1179933,WAHR
Timo,tt0289043,WAHR
Timo,tt6215712,WAHR
Timo,tt0437086,WAHR
Timo,tt0472043,WAHR
Timo,tt5519340,WAHR
Timo,tt7752126,WAHR
Timo,tt0347330,WAHR
Timo,tt0095016,WAHR
Timo,tt4160708,WAHR
Timo,tt11286314,WAHR
Timo,tt1343727,WAHR
Timo,tt0780504,WAHR
Timo,tt2764606,WAHR
Timo,tt2764620,WAHR
Timo,tt2764598,WAHR
Timo,tt5797184,WAHR
Timo,tt0137523,WAHR
Timo,tt2713180,WAHR
Timo,tt5923962,WAHR
Timo,tt6823368,WAHR
Timo,tt11151982,WAHR
Timo,tt5034838,WAHR
Timo,tt7737786,WAHR
Timo,tt6902676,WAHR
Timo,tt1857718,WAHR
Timo,tt2274648,WAHR
Timo,tt1798709,WAHR
Timo,tt1375666,WAHR
Timo,tt6848928,WAHR
Timo,tt1250777,WAHR
Timo,tt0266697,WAHR
Timo,tt0378194,WAHR
Timo,tt9239552,WAHR
Timo,tt0209144,WAHR
Timo,tt6475714,WAHR
Timo,tt2872718,WAHR
Timo,tt1179904,WAHR
Timo,tt8076344,WAHR
Timo,tt0119698,WAHR
Timo,tt1206885,WAHR
Timo,tt1483797,WAHR
Timo,tt6455986,WAHR
Timo,tt0362120,WAHR
Timo,tt0446029,WAHR
Timo,tt1130884,WAHR
Timo,tt3397884,WAHR
Timo,tt1319743,WAHR
Timo,tt4972582,WAHR
Timo,tt1512235,WAHR
Timo,tt0831888,WAHR
Timo,tt6723592,WAHR
Timo,tt4433646,WAHR
Timo,tt2140479,WAHR
Timo,tt7395114,WAHR
Timo,tt8367814,WAHR
Timo,tt9421570,WAHR
Timo,tt3460252,WAHR
Timo,tt2084970,WAHR
Timo,tt0472399,WAHR
Timo,tt0095705,WAHR
Timo,tt11138512,WAHR
Timo,tt8228288,WAHR
Timo,tt2184339,WAHR
Timo,tt0462538,WAHR
Timo,tt2279373,WAHR
Timo,tt6334354,WAHR
Timo,tt4263482,WAHR
Timo,tt11657662,WAHR
Timo,tt0088286,WAHR
Timo,tt3099498,WAHR
Timo,tt1560220,WAHR
Toni,tt1179933,WAHR
Toni,tt7752126,WAHR
Toni,tt11286314,WAHR
Toni,tt11151982,WAHR
Toni,tt1355644,WAHR
Toni,tt0119698,WAHR
Toni,tt0831888,WAHR
Toni,tt4433646,WAHR
Toni,tt2184339,WAHR
Toni,tt4263482,WAHR
Toni,tt1790885,WAHR